Workbook
Name Audit: Tableau117[Audit]
Name Début_Projet: SoW!$C$6
Name Début_projet: Calendrier!$C$8
Name Férié: Tableau4[Jour férié]
Name Implémentation: Tableau10[Implémentation]
Name Incrément_de_défilement: SoW!$C$7
Name Post_Implémentation: Tableau11[Post_Implémentation]
Name Préparation: Tableau8[Préparation / Conception]
Name Sem_Affichée: Calendrier!$C$7

Sheet SoW
D1: Scope of Work
D4: Videoconferencing Solution Provisioning
B9: Informations
B10: Client | D10: Helios Tower
B11: Auteur / Contact | D11: Solondrainy Aurélien ANTSARILALA | IT Engineer | aurelien@nexthope.net | +261 32 55 129 06
B12: Site(s) du client | D12: Antananarivo
B13: Description du projet | D13: Mise en place d’une solution de visioconférence complète, basée sur Microsoft Teams Rooms, visant à équiper des salles de réunion avec des systèmes performants et intégrés, afin d’assurer des communications à distance fiables, fluides et de haute qualité.
B15: Note importante
B16: Les tâches non mentionnées dans le tableau ci-dessous peuvent impacter la durée d’exécution du projet et seront considérées comme une nouvelle demande (et sujet à une nouvelle facturation).
B18: Répartion des tâches
B19: Phase | C19: Type | D19: Tâche | E19: Description | F19: Site(s) concerné(s) | G19: Difficulté | H19: Nb intervenants | I19: Durée
B20: Phase 1 | C20: Préparation | D20: Gestion de projet | E20: Mise en place de gestion de projet - Réunion de cadrage avec le client - Analyse des besoins et contraintes techniques - Validation de l’emplacement des équipements | F20: Antananarivo | G20: Ing-1 | H20: 1 | I20: 0.5
B21: Phase 2 | C21: Implémentation | D21: Installation physique | E21: - Installation de 3, A30 (support, TV, câblage) - Installation MVCS90 (caméra murale, MCore, MTouch, AVHub) - Installation de CS10 et CM20 au plafon - Branchement et organisation câbles HDMI et alimentation | F21: Antananarivo | G21: Cab | H21: 2 | I21: 1
B22: Phase 2 | C22: Implémentation | D22: Configuration | E22: - Configuration de chaque A30 pour Microsoft Teams Rooms (connexion au compte Teams) - Intégration du MVCS90 au tenant Microsoft 365 (Teams Room) - Configuration du AVHub pour la gestion centralisée de l’audio et de la vidéo - Intégration et paramétrage du MCore Pro afin d’assurer la réception, le traitement et la transmission des flux provenant de l’AVHub - Paramétrage réseau de chaque équipements - Activation du partage sans fil | F22: Antananarivo | G22: Ing-2 | H22: 1 | I22: 2.5
B23: Phase 2 | C23: Implémentation | D23: Test(s) de validation | E23: - Tests complets audio/vidéo - Test de réunion Teams - Tests scénarios multi-utilisateur - Ajustement tracking des caméras | F23: Antananarivo | G23: Ing-1 | H23: 1 | I23: 0.5
B24: Phase 3 | C24: Post_Implémentation | D24: Transfert de compétence | E24: Transfert de competence | F24: Antananarivo | G24: Ing-1 | H24: 1 | I24: 0.5
B27: Commentaire(s) :
B28: PRE-REQUIS: - réseau * Accès à Internet stable. * Adresse IP statique ou DHCP avec réservation. * Accès autorisé a quelques ports que nous mentionnerons ulterieurement. - organisationnels * Accès physique à la salle de réunion pendant toute la durée de l’installation. * Présence d’un référent IT pour : > Configuration réseau / Internet > Connexion au tenant Microsoft 365 surtout pour le Microsoft Teams
B30: Récapitulatif
B31: Phase | C31: Tâche | D31: Durée totale
B32: Phase 1 | C32: Gestion de projet | D32: 0.5
B33: Phase 2 | C33: Configuration | D33: 2.5
C34: Installation physique | D34: 1
C35: Test(s) de validation | D35: 0.5
B36: Phase 3 | C36: Transfert de compétence | D36: 0.5
B37: Total général | D37: 5

Sheet Calendrier
B1: =SoW!D4 -> Videoconferencing Solution Provisioning
B4: Planning Théorique
B7: 1ère semaine affichée | C7: 0
B8: Début projet | C8: =DATE(2025, 12, 15) -> 46006 | H8: =IF($C$10="Jour",IF($C$11="Non",_xlfn.CONCAT("M",MONTH(H11)),PROPER(TEXT(H11,"mmm"))),"") -> Déc | I8: =IF($C$10="Jour",IF($C$11="Non",IF(MONTH(I11)=MONTH(H11),"",_xlfn.CONCAT("M",MONTH(I11))),IF(MONTH(I11)=MONTH(H11),"",PROPER(TEXT(I11,"mmm")))),"") | J8: =IF($C$10="Jour",IF($C$11="Non",IF(MONTH(J11)=MONTH(I11),"",_xlfn.CONCAT("M",MONTH(J11))),IF(MONTH(J11)=MONTH(I11),"",PROPER(TEXT(J11,"mmm")))),"") | K8: =IF($C$10="Jour",IF($C$11="Non",IF(MONTH(K11)=MONTH(J11),"",_xlfn.CONCAT("M",MONTH(K11))),IF(MONTH(K11)=MONTH(J11),"",PROPER(TEXT(K11,"mmm")))),"") | L8: =IF($C$10="Jour",IF($C$11="Non",IF(MONTH(L11)=MONTH(K11),"",_xlfn.CONCAT("M",MONTH(L11))),IF(MONTH(L11)=MONTH(K11),"",PROPER(TEXT(L11,"mmm")))),"") | M8: =IF($C$10="Jour",IF($C$11="Non",IF(MONTH(M11)=MONTH(L11),"",_xlfn.CONCAT("M",MONTH(M11))),IF(MONTH(M11)=MONTH(L11),"",PROPER(TEXT(M11,"mmm")))),"") | N8: =IF($C$10="Jour",IF($C$11="Non",IF(MONTH(N11)=MONTH(M11),"",_xlfn.CONCAT("M",MONTH(N11))),IF(MONTH(N11)=MONTH(M11),"",PROPER(TEXT(N11,"mmm")))),"") | O8: =IF($C$10="Jour",IF($C$11="Non",IF(MONTH(O11)=MONTH(N11),"",_xlfn.CONCAT("M",MONTH(O11))),IF(MONTH(O11)=MONTH(N11),"",PROPER(TEXT(O11,"mmm")))),"") | P8: =IF($C$10="Jour",IF($C$11="Non",IF(MONTH(P11)=MONTH(O11),"",_xlfn.CONCAT("M",MONTH(P11))),IF(MONTH(P11)=MONTH(O11),"",PROPER(TEXT(P11,"mmm")))),"") | ... AL8: =IF($C$10="Jour",IF($C$11="Non",IF(MONTH(AL11)=MONTH(AK11),"",_xlfn.CONCAT("M",MONTH(AL11))),IF(MONTH(AL11)=MONTH(AK11),"",PROPER(TEXT(AL11,"mmm")))),"")
B9: Service pdt WE & Jours féries | C9: Non | H9: =IF($C$10="Jour",_xlfn.CONCAT("S",WEEKNUM(H11,11)),IF($C$11="Non",_xlfn.CONCAT("M",MONTH(H11)),PROPER(TEXT(H11,"mmm")))) -> S51 | I9: =IF($C$10="Jour",IF(WEEKNUM(I11,11)=WEEKNUM(H11,11),"",_xlfn.CONCAT("S",WEEKNUM(I11,11))),IF($C$11="Non",IF(MONTH(I11)=MONTH(H11),"",_xlfn.CONCAT("M",MONTH(I11))),IF(MONTH(I11)=MONTH(H11),"",PROPER(TEXT(I11,"mmm"))))) | J9: =IF($C$10="Jour",IF(WEEKNUM(J11,11)=WEEKNUM(I11,11),"",_xlfn.CONCAT("S",WEEKNUM(J11,11))),IF($C$11="Non",IF(MONTH(J11)=MONTH(I11),"",_xlfn.CONCAT("M",MONTH(J11))),IF(MONTH(J11)=MONTH(I11),"",PROPER(TEXT(J11,"mmm"))))) | K9: =IF($C$10="Jour",IF(WEEKNUM(K11,11)=WEEKNUM(J11,11),"",_xlfn.CONCAT("S",WEEKNUM(K11,11))),IF($C$11="Non",IF(MONTH(K11)=MONTH(J11),"",_xlfn.CONCAT("M",MONTH(K11))),IF(MONTH(K11)=MONTH(J11),"",PROPER(TEXT(K11,"mmm"))))) | L9: =IF($C$10="Jour",IF(WEEKNUM(L11,11)=WEEKNUM(K11,11),"",_xlfn.CONCAT("S",WEEKNUM(L11,11))),IF($C$11="Non",IF(MONTH(L11)=MONTH(K11),"",_xlfn.CONCAT("M",MONTH(L11))),IF(MONTH(L11)=MONTH(K11),"",PROPER(TEXT(L11,"mmm"))))) | M9: =IF($C$10="Jour",IF(WEEKNUM(M11,11)=WEEKNUM(L11,11),"",_xlfn.CONCAT("S",WEEKNUM(M11,11))),IF($C$11="Non",IF(MONTH(M11)=MONTH(L11),"",_xlfn.CONCAT("M",MONTH(M11))),IF(MONTH(M11)=MONTH(L11),"",PROPER(TEXT(M11,"mmm"))))) | N9: =IF($C$10="Jour",IF(WEEKNUM(N11,11)=WEEKNUM(M11,11),"",_xlfn.CONCAT("S",WEEKNUM(N11,11))),IF($C$11="Non",IF(MONTH(N11)=MONTH(M11),"",_xlfn.CONCAT("M",MONTH(N11))),IF(MONTH(N11)=MONTH(M11),"",PROPER(TEXT(N11,"mmm"))))) | O9: =IF($C$10="Jour",IF(WEEKNUM(O11,11)=WEEKNUM(N11,11),"",_xlfn.CONCAT("S",WEEKNUM(O11,11))),IF($C$11="Non",IF(MONTH(O11)=MONTH(N11),"",_xlfn.CONCAT("M",MONTH(O11))),IF(MONTH(O11)=MONTH(N11),"",PROPER(TEXT(O11,"mmm"))))) -> S52 | P9: =IF($C$10="Jour",IF(WEEKNUM(P11,11)=WEEKNUM(O11,11),"",_xlfn.CONCAT("S",WEEKNUM(P11,11))),IF($C$11="Non",IF(MONTH(P11)=MONTH(O11),"",_xlfn.CONCAT("M",MONTH(P11))),IF(MONTH(P11)=MONTH(O11),"",PROPER(TEXT(P11,"mmm"))))) | ... AL9: =IF($C$10="Jour",IF(WEEKNUM(AL11,11)=WEEKNUM(AK11,11),"",_xlfn.CONCAT("S",WEEKNUM(AL11,11))),IF($C$11="Non",IF(MONTH(AL11)=MONTH(AK11),"",_xlfn.CONCAT("M",MONTH(AL11))),IF(MONTH(AL11)=MONTH(AK11),"",PROPER(TEXT(AL11,"mmm")))))
B10: Type Affichage | C10: Jour | H10: =IF($C$10="Jour",PROPER(LEFT(TEXT(H11,"jjj"),1)),_xlfn.CONCAT("S",WEEKNUM(H11,21))) -> L | I10: =IF($C$10="Jour",PROPER(LEFT(TEXT(I11,"jjj"),1)),_xlfn.CONCAT("S",WEEKNUM(I11,21))) -> M | J10: =IF($C$10="Jour",PROPER(LEFT(TEXT(J11,"jjj"),1)),_xlfn.CONCAT("S",WEEKNUM(J11,21))) -> M | K10: =IF($C$10="Jour",PROPER(LEFT(TEXT(K11,"jjj"),1)),_xlfn.CONCAT("S",WEEKNUM(K11,21))) -> J | L10: =IF($C$10="Jour",PROPER(LEFT(TEXT(L11,"jjj"),1)),_xlfn.CONCAT("S",WEEKNUM(L11,21))) -> V | M10: =IF($C$10="Jour",PROPER(LEFT(TEXT(M11,"jjj"),1)),_xlfn.CONCAT("S",WEEKNUM(M11,21))) -> S | N10: =IF($C$10="Jour",PROPER(LEFT(TEXT(N11,"jjj"),1)),_xlfn.CONCAT("S",WEEKNUM(N11,21))) -> D | O10: =IF($C$10="Jour",PROPER(LEFT(TEXT(O11,"jjj"),1)),_xlfn.CONCAT("S",WEEKNUM(O11,21))) -> L | ... AL10: =IF($C$10="Jour",PROPER(LEFT(TEXT(AL11,"jjj"),1)),_xlfn.CONCAT("S",WEEKNUM(AL11,21))) -> M
B11: Affichage mois calendaire | C11: Oui | H11: =Début_projet+Sem_Affichée*7 -> 46006 | I11: =IF($C$10="Jour",H11+1,H11+7) -> 46007 | J11: =IF($C$10="Jour",I11+1,I11+7) -> 46008 | K11: =IF($C$10="Jour",J11+1,J11+7) -> 46009 | L11: =IF($C$10="Jour",K11+1,K11+7) -> 46010 | M11: =IF($C$10="Jour",L11+1,L11+7) -> 46011 | N11: =IF($C$10="Jour",M11+1,M11+7) -> 46012 | O11: =IF($C$10="Jour",N11+1,N11+7) -> 46013 | P11: =IF($C$10="Jour",O11+1,O11+7) -> 46014 | ... AL11: =IF($C$10="Jour",AK11+1,AK11+7) -> 46036
B12: Tâche | C12: Catégorie | D12: Début | E12: Durée | F12: Fin
B13: Phase 1 : Implémentation
B14: =SoW!D20 -> Gestion de projet | C14: Préparation | D14: 46006 | E14: 0.5 | F14: =IF(Tableau2[[#This Row],[Durée]]="",0,IF($C$9="Oui",Tableau2[[#This Row],[Début]]+Tableau2[[#This Row],[Durée]]-0.5,WORKDAY(Tableau2[[#This Row],[Début]],Tableau2[[#This Row],[Durée]]-0.5,Tableau4[Jour férié]))) -> 46006
B15: Phase 2 : Implémentation
B16: =SoW!D21 -> Installation physique | C16: Implémentation | D16: =F14+1 -> 46007 | E16: 1 | F16: =IF(Tableau2[[#This Row],[Durée]]="",0,IF($C$9="Oui",Tableau2[[#This Row],[Début]]+Tableau2[[#This Row],[Durée]]-1,WORKDAY(Tableau2[[#This Row],[Début]],Tableau2[[#This Row],[Durée]]-1,Tableau4[Jour férié]))) -> 46007
B17: =SoW!D22 -> Configuration | C17: Implémentation | D17: =D16+E16 -> 46008 | E17: 2.5 | F17: =IF(Tableau2[[#This Row],[Durée]]="",0,IF($C$9="Oui",Tableau2[[#This Row],[Début]]+Tableau2[[#This Row],[Durée]],WORKDAY(Tableau2[[#This Row],[Début]],Tableau2[[#This Row],[Durée]],Tableau4[Jour férié]))) -> 46010
B18: =SoW!D23 -> Test(s) de validation | C18: Implémentation | D18: =D17+2 -> 46010 | E18: 0.5 | F18: =IF(Tableau2[[#This Row],[Durée]]="",0,IF($C$9="Oui",Tableau2[[#This Row],[Début]]+Tableau2[[#This Row],[Durée]]-0.5,WORKDAY(Tableau2[[#This Row],[Début]],Tableau2[[#This Row],[Durée]]-0.5,Tableau4[Jour férié]))) -> 46010
B19: Phase 3 : Post-Implémentation
B20: =SoW!D24 -> Transfert de compétence | C20: Post-Implémentation | D20: =F18 -> 46010 | E20: 0.5 | F20: =IF(Tableau2[[#This Row],[Durée]]="",0,IF($C$9="Oui",Tableau2[[#This Row],[Début]]+Tableau2[[#This Row],[Durée]]-0.5,WORKDAY(Tableau2[[#This Row],[Début]],Tableau2[[#This Row],[Durée]]-0.5,Tableau4[Jour férié]))) -> 46010
E21: =SUBTOTAL(109,Tableau2[Durée]) -> 5
K23: Préparation | P23: Implémentation | V23: Post-Implémentation | AC23: Week-End | AH23: Jour férié

Sheet Base de données
B3: Préparation / Conception | D3: Implémentation | F3: Post_Implémentation | H3: Audit | J3: Jour férié | K3: Description
B4: Gestion de projet | D4: Installation physique | F4: Transfert de compétence | H4: Préparation | J4: 45658 | K4: Jour de l'an
B5: Livraision des equipements | D5: Desinstallation | F5: Maintenance / Assistance | H5: Collecte d'information | J5: 45724 | K5: Journée Internationale de la femme
B6: Mise en place outil d'analyse | D6: Configuration | F6: Rédaction livrable(s) | H6: Test | J6: 45745 | K6: Jour des Martyrs (insurrection de 1947)
B7: Collecte d'information | D7: Test(s) de validation | H7: Analyse | J7: 45747 | K7: Aïd el-Fitr (Musulmans)
B8: Audit / Analyse | D8: Rédaction livrable(s) | H8: Rédaction livrable(s) | J8: 45767 | K8: Pâques
B9: Lab / Simulation | J9: 45768 | K9: Lundi de Pâques
B10: Formation | J10: 45778 | K10: Fête du travail
B11: Rédaction Livrable(s) | J11: 45806 | K11: Ascension
J12: 45816 | K12: Pentecôte
J13: 45817 | K13: Lundi de Pentecôte
J14: 45834 | K14: Fête de l'Independance
B15: Type de phase | J15: 45884 | K15: Assomption
B16: Préparation | J16: 45962 | K16: Toussaint
B17: Implémentation | J17: 46016 | K17: Noël
B18: Post_Implémentation
B19: Audit
